{
  "id": "1391865",
  "name": "温浩 2019.09",
  "font_family": "iconfont",
  "css_prefix_text": "icon-",
  "description": "",
  "glyphs": [
    {
      "icon_id": "150674",
      "name": "学习书本",
      "font_class": "xuexishuben",
      "unicode": "e708",
      "unicode_decimal": 59144
    },
    {
      "icon_id": "170293",
      "name": "home",
      "font_class": "home",
      "unicode": "e60d",
      "unicode_decimal": 58893
    },
    {
      "icon_id": "203284",
      "name": "user",
      "font_class": "user",
      "unicode": "e636",
      "unicode_decimal": 58934
    },
    {
      "icon_id": "415281",
      "name": "服务点评",
      "font_class": "fuwudianping",
      "unicode": "e63a",
      "unicode_decimal": 58938
    },
    {
      "icon_id": "436376",
      "name": "放大镜",
      "font_class": "49",
      "unicode": "e631",
      "unicode_decimal": 58929
    },
    {
      "icon_id": "521966",
      "name": "搜索",
      "font_class": "sousuo",
      "unicode": "e62b",
      "unicode_decimal": 58923
    },
    {
      "icon_id": "577362",
      "name": "时钟",
      "font_class": "shizhong",
      "unicode": "e74f",
      "unicode_decimal": 59215
    },
    {
      "icon_id": "588460",
      "name": "user",
      "font_class": "user1",
      "unicode": "e674",
      "unicode_decimal": 58996
    },
    {
      "icon_id": "649425",
      "name": "设置",
      "font_class": "shezhi",
      "unicode": "e645",
      "unicode_decimal": 58949
    },
    {
      "icon_id": "689274",
      "name": "前进 下一个",
      "font_class": "qianjinxiayige",
      "unicode": "e804",
      "unicode_decimal": 59396
    },
    {
      "icon_id": "714840",
      "name": "钱",
      "font_class": "qian",
      "unicode": "e626",
      "unicode_decimal": 58918
    },
    {
      "icon_id": "736495",
      "name": "返回 (2)",
      "font_class": "fanhui2",
      "unicode": "e60a",
      "unicode_decimal": 58890
    },
    {
      "icon_id": "782361",
      "name": "客服",
      "font_class": "kefu",
      "unicode": "e658",
      "unicode_decimal": 58968
    },
    {
      "icon_id": "1048883",
      "name": "向下",
      "font_class": "icon_on_the_down",
      "unicode": "e624",
      "unicode_decimal": 58916
    },
    {
      "icon_id": "1092136",
      "name": "更多",
      "font_class": "gengduo",
      "unicode": "e627",
      "unicode_decimal": 58919
    },
    {
      "icon_id": "1110401",
      "name": "爱心",
      "font_class": "aixin",
      "unicode": "e601",
      "unicode_decimal": 58881
    },
    {
      "icon_id": "1183248",
      "name": "眼睛",
      "font_class": "yj",
      "unicode": "e650",
      "unicode_decimal": 58960
    },
    {
      "icon_id": "1215754",
      "name": "加 (1)",
      "font_class": "jia1",
      "unicode": "e61f",
      "unicode_decimal": 58911
    },
    {
      "icon_id": "1509775",
      "name": "问号",
      "font_class": "question",
      "unicode": "e682",
      "unicode_decimal": 59010
    },
    {
      "icon_id": "2729538",
      "name": "老师管理",
      "font_class": "laoshiguanli",
      "unicode": "e69d",
      "unicode_decimal": 59037
    },
    {
      "icon_id": "2736937",
      "name": "消息",
      "font_class": "xiaoxi",
      "unicode": "e6a5",
      "unicode_decimal": 59045
    },
    {
      "icon_id": "4767011",
      "name": "right",
      "font_class": "right",
      "unicode": "e7eb",
      "unicode_decimal": 59371
    },
    {
      "icon_id": "4767012",
      "name": "left",
      "font_class": "left",
      "unicode": "e7ec",
      "unicode_decimal": 59372
    },
    {
      "icon_id": "4767013",
      "name": "up",
      "font_class": "up",
      "unicode": "e7ed",
      "unicode_decimal": 59373
    },
    {
      "icon_id": "4767014",
      "name": "down",
      "font_class": "down",
      "unicode": "e7ee",
      "unicode_decimal": 59374
    },
    {
      "icon_id": "5831260",
      "name": "方框",
      "font_class": "fangkuang",
      "unicode": "e641",
      "unicode_decimal": 58945
    },
    {
      "icon_id": "5905923",
      "name": "刷新",
      "font_class": "shuaxin",
      "unicode": "e62f",
      "unicode_decimal": 58927
    },
    {
      "icon_id": "6056165",
      "name": "锁",
      "font_class": "suo",
      "unicode": "e672",
      "unicode_decimal": 58994
    },
    {
      "icon_id": "6265251",
      "name": "菜单栏",
      "font_class": "list2",
      "unicode": "e655",
      "unicode_decimal": 58965
    },
    {
      "icon_id": "6378490",
      "name": "专业与课程",
      "font_class": "zhuanyeyukecheng",
      "unicode": "e660",
      "unicode_decimal": 58976
    },
    {
      "icon_id": "7450624",
      "name": "评价星星",
      "font_class": "pingjiaxingxing",
      "unicode": "e662",
      "unicode_decimal": 58978
    },
    {
      "icon_id": "7644382",
      "name": "关闭",
      "font_class": "guanbi",
      "unicode": "e608",
      "unicode_decimal": 58888
    },
    {
      "icon_id": "8402945",
      "name": "更多",
      "font_class": "gengduo1",
      "unicode": "e600",
      "unicode_decimal": 58880
    },
    {
      "icon_id": "8574236",
      "name": "课程",
      "font_class": "kecheng",
      "unicode": "e6f0",
      "unicode_decimal": 59120
    },
    {
      "icon_id": "9512680",
      "name": "勾",
      "font_class": "tick-fill",
      "unicode": "e63f",
      "unicode_decimal": 58943
    },
    {
      "icon_id": "9575917",
      "name": "开眼睛",
      "font_class": "kaiyanjing",
      "unicode": "e6a7",
      "unicode_decimal": 59047
    },
    {
      "icon_id": "9874487",
      "name": "KHCFDC_勾选",
      "font_class": "gouxuan",
      "unicode": "e6ce",
      "unicode_decimal": 59086
    }
  ]
}
